title,author,publisher,noOfPages,rating,description,publicationDate,coverImage,genre,totalReaders,weeklyReaders
Evidence hour report treat,Richard Wagner,Taylor-Edwards,724,4.7,Maybe could perhaps general list stay.,2007-12-28,https://covers.openlibrary.org/b/id/253246-L.jpg,"Thriller, Adventure, Horror",3112,372
Area decide lead hear,Steven Lopez,Reed Ltd,102,6.7,Right PM do move easy since language perhaps. Than modern bar entire bring ten letter. Weight civil should up push wait radio. Develop paper author plant receive time.,2004-07-22,https://covers.openlibrary.org/b/id/257995-L.jpg,"Self-Help, Non-Fiction, Historical",4436,468
Brother long interesting current,Megan Smith,"Larson, Simpson and Howell",446,8.7,Quite if truth significant item blood try institution. Evening word stuff continue. Girl avoid per pressure. Where opportunity analysis culture main indicate.,2022-05-12,https://covers.openlibrary.org/b/id/247610-L.jpg,Adventure,1362,445
Party right,Matthew Curry,Robinson Group,432,6.6,Simply tend political nearly fly yet.,1997-05-08,https://covers.openlibrary.org/b/id/248767-L.jpg,"Science Fiction, Thriller",2032,225
Yeah make imagine own,Miss Gwendolyn Lawrence,Summers-Sutton,545,7.2,Involve analysis crime idea. Performance appear produce forget series determine half. More check measure difference.,2000-11-19,https://covers.openlibrary.org/b/id/242569-L.jpg,"Biography, Romance, Non-Fiction",819,151
Down improve,Javier Wilson,Fletcher-Davenport,923,2.4,Best process talk community huge what century red. Reduce goal loss design hit weight amount.,2006-06-18,https://covers.openlibrary.org/b/id/254781-L.jpg,"Poetry, Biography, Philosophy",1634,70
In field loss fast,Charles Johnson,Bass-Terrell,686,9.1,Investment Mr western contain result our. Various force model list.,2015-03-20,https://covers.openlibrary.org/b/id/259978-L.jpg,"Poetry, Philosophy",2875,494
Month from,Jerry Salazar,Riley-Lloyd,435,3.9,Join though maybe itself wide. Approach nothing east case out significant green. Budget better glass arm seat.,1999-10-01,https://covers.openlibrary.org/b/id/253100-L.jpg,Historical,593,363
Thus Republican set energy prevent,Mark Harris,Walter-Hernandez,936,1.8,Race rich old unit. Force hard rise teacher.,2010-12-11,https://covers.openlibrary.org/b/id/255119-L.jpg,"Thriller, Self-Help",429,96
Send season party,Eric Davis,Rios Ltd,723,7.3,Picture financial debate able. Hundred candidate assume size home. Sense center firm energy event.,2011-06-27,https://covers.openlibrary.org/b/id/258539-L.jpg,"Self-Help, Thriller",2486,402
Hotel the window good,Laurie Stokes,Morgan LLC,285,9.9,Season information produce three. Result account other clear. Information including air although director beat.,2010-03-29,https://covers.openlibrary.org/b/id/256244-L.jpg,"Science Fiction, Romance, Non-Fiction",3319,287
Conference example all common run,Frank Harrell,Medina-Schwartz,588,7.4,Case finally up country simple outside. Prove market investment probably us. Several central radio seek bill.,2016-05-11,https://covers.openlibrary.org/b/id/257727-L.jpg,"Adventure, Horror",1049,140
Buy begin position bill stage,Tammy Murray,Rogers LLC,495,4.2,Charge nor red wear. Economy left really seem ten here attack.,2005-01-03,https://covers.openlibrary.org/b/id/259915-L.jpg,"Fiction, Philosophy, Poetry",3815,185
Program truth,Alexander Jacobs,Campos and Sons,365,9.6,Current country red wait help word. Knowledge recognize subject decide. Real office follow hold thank try dark. Prove teacher former data picture.,2018-06-22,https://covers.openlibrary.org/b/id/256293-L.jpg,"Non-Fiction, Historical, Fantasy",4907,283
Their when,Lori Solomon,Dean-Clark,100,1.5,Prevent college show drug history trade build. Full mean increase scientist. Yet wind gas notice rate PM.,2002-02-14,https://covers.openlibrary.org/b/id/255964-L.jpg,"Science Fiction, Poetry, Adventure",988,443
Food entire,Samuel Simmons,Cohen Inc,925,1.2,Buy pattern yourself recognize single leg. Fear while type life stand home federal.,2002-08-21,https://covers.openlibrary.org/b/id/257414-L.jpg,"Biography, Fiction, Adventure",2692,62
Also bring although,Joseph Evans,"Anderson, Martinez and Mckinney",736,2.1,Situation charge political could. Hot candidate heart two. Fight chance attorney score cup building south.,2024-06-23,https://covers.openlibrary.org/b/id/249030-L.jpg,Fiction,4424,289
Reach kitchen manage,Lisa Martin,"Gay, Carter and Anderson",113,1.1,Doctor single into. Animal into edge door.,1999-06-17,https://covers.openlibrary.org/b/id/258225-L.jpg,Fiction,3386,110
Laugh sea eight sport simply,Mrs. Kelly Payne MD,"Richardson, Miller and Craig",161,7.9,Clear everything better place meeting threat. See attention statement affect able foot major.,2003-03-09,https://covers.openlibrary.org/b/id/248458-L.jpg,Horror,2801,67
Might section something history,Paul Thompson,Brock PLC,110,3.0,Office least ago tonight hospital memory value nature. Bank drop specific indicate sound which. Size impact throughout.,2004-03-24,https://covers.openlibrary.org/b/id/247527-L.jpg,"Philosophy, Self-Help, Mystery",3241,486
Threat also artist,Michelle Howard,Fry-Casey,998,6.0,So professor first tax before then reason. Clearly send how these. Difference yard write fine television require.,2022-02-04,https://covers.openlibrary.org/b/id/247776-L.jpg,Historical,4470,92
Fast today,Pamela Lewis,Ramos PLC,227,6.6,Something exactly language. Seven left ability believe bag. Individual throw force teacher green early.,1997-08-02,https://covers.openlibrary.org/b/id/240586-L.jpg,"Fiction, Horror",1898,482
Vote decision film result lose,Renee Garcia,Vance-Tran,419,8.8,Movement feel safe police time candidate. Address let friend education.,1999-03-17,https://covers.openlibrary.org/b/id/259771-L.jpg,Biography,601,478
Space sea cultural let official,Joseph Rose,Anderson Inc,649,3.7,She guess democratic pretty write bar. Second suggest develop.,2013-05-25,https://covers.openlibrary.org/b/id/247050-L.jpg,"Non-Fiction, Philosophy, Historical",2233,415
Feeling soldier,Hannah Perkins,Russell and Sons,703,2.8,City fine simple structure wide participant exactly deep. Sound girl cover energy understand story.,2005-07-22,https://covers.openlibrary.org/b/id/247389-L.jpg,"Historical, Romance, Fantasy",2355,133
Air season our soon doctor,Anita Randall,Watson Group,178,2.7,Your growth south trouble style high. Condition site nearly. Speech however perhaps for none choice add generation.,2016-04-09,https://covers.openlibrary.org/b/id/249832-L.jpg,"Horror, Self-Help",3206,250
Modern production million local,Terry Thomas,Hoover and Sons,801,3.4,Clear two share reach everyone federal. Maybe voice field imagine attack father.,1998-01-21,https://covers.openlibrary.org/b/id/252424-L.jpg,"Historical, Biography, Philosophy",4274,332
Western newspaper right,Taylor Smith,"Thomas, Robinson and Armstrong",263,5.0,Letter have produce. Fish eye hold great.,2018-01-14,https://covers.openlibrary.org/b/id/252647-L.jpg,"Thriller, Fiction",4424,110
Kitchen sell plan,Michael Robertson,Bell Ltd,468,9.5,Major often chance beat. Laugh move opportunity send. Network study difference mission coach detail economic.,2019-09-23,https://covers.openlibrary.org/b/id/246944-L.jpg,"Non-Fiction, Mystery",1438,371
Report need,Barbara Cooper,"Jackson, Bell and Cooper",672,3.5,Morning any through figure. Make recent none prove wear interview forward. Car often color police.,2004-10-18,https://covers.openlibrary.org/b/id/259711-L.jpg,"Adventure, Horror, Science Fiction",1776,292
Hope service within since leg,Shawn Bryant,"Nelson, Perez and Rogers",416,8.9,Represent anything peace national letter option member. Fire type think likely collection article.,2015-08-24,https://covers.openlibrary.org/b/id/250416-L.jpg,"Historical, Philosophy, Horror",1912,25
Relationship shoulder owner rich southern,Riley Townsend,Hernandez and Sons,411,4.4,Force authority serve tonight soon budget return. Decision involve defense author safe perform. Safe water among last. Only experience wonder class outside common.,2024-01-19,https://covers.openlibrary.org/b/id/243539-L.jpg,Fiction,4577,396
Order minute pick what,Megan Anderson,Nelson-Parker,586,3.2,Boy down wall might. Experience go city.,2005-06-17,https://covers.openlibrary.org/b/id/240730-L.jpg,"Adventure, Non-Fiction",3665,343
Probably only his debate,Harold Hanson,Stark LLC,238,1.1,Agreement attention present decide near measure about. Official away admit word begin idea. Perform however air argue option.,2024-06-25,https://covers.openlibrary.org/b/id/241045-L.jpg,"Romance, Non-Fiction, Science Fiction",4661,133
Itself entire see field,Thomas Gay,"Powell, Goodman and Ross",326,8.7,Room deep interview lose ten.,2018-07-01,https://covers.openlibrary.org/b/id/253529-L.jpg,Horror,357,171
Goal stop science prepare,Kendra Reed,"Lawson, Chapman and Brown",493,3.7,Population politics second raise direction different. Us low animal get include. Sit side exist pass.,2020-11-01,https://covers.openlibrary.org/b/id/242558-L.jpg,Non-Fiction,1807,18
Big you book throw,Anthony Gonzalez,"Brooks, Melton and Miranda",216,2.8,Hot bring especially much behavior until up. Friend meeting wait campaign. Include almost energy.,2008-07-01,https://covers.openlibrary.org/b/id/254679-L.jpg,Mystery,3720,110
Of some,Michael Paul,Foster PLC,624,4.7,Sound past travel account next recognize rise mind. Mean often oil.,2016-11-01,https://covers.openlibrary.org/b/id/250024-L.jpg,Fiction,3701,452
Computer toward,Renee Wilson,Jones LLC,405,2.2,Professor pass watch note collection deal. Six bar because pass contain similar market. Off cut mouth.,2024-07-30,https://covers.openlibrary.org/b/id/255970-L.jpg,Fiction,2312,336
Traditional oil manager,Jeffrey Martin,Navarro-Mendez,582,5.3,Democrat matter various your real. Song plant dream though set program. Morning order require card reason.,2019-08-25,https://covers.openlibrary.org/b/id/257937-L.jpg,"Biography, Adventure, Fiction",4072,487
Next along various partner,Stacey Pratt,Oconnell and Sons,707,3.9,Artist already adult to ready. Suggest open future floor medical old. Political next west age.,2014-04-08,https://covers.openlibrary.org/b/id/255239-L.jpg,Mystery,2668,170
Represent imagine,Alexa Baldwin,"Sullivan, Thomas and Gregory",742,4.0,Recognize light image start actually never.,2023-03-24,https://covers.openlibrary.org/b/id/259088-L.jpg,"Drama, Thriller, Science Fiction",704,232
Significant individual,Courtney Buckley,Young and Sons,436,1.6,Road enjoy center until Congress value Mrs conference. Sign which start be. Fight guy top thousand process effort term others.,2024-06-25,https://covers.openlibrary.org/b/id/251061-L.jpg,"Drama, Historical",4705,0
Light memory answer,Steven Moore,Aguilar Inc,492,5.2,Training turn open head. Market action nation also about.,2006-11-17,https://covers.openlibrary.org/b/id/240094-L.jpg,"Adventure, Romance, Horror",3775,265
Hope late follow,Sylvia Walters,"Stone, Brooks and Gonzalez",101,3.3,Describe weight worker. Order director well baby not politics dream.,2021-09-20,https://covers.openlibrary.org/b/id/254782-L.jpg,Adventure,978,252
Property minute clearly really,Jackson Pope DDS,"Lowe, Weber and Mckinney",995,9.3,Both quality partner conference turn discuss. Anyone feel sense debate prove. Else adult ago face case lay.,2022-06-29,https://covers.openlibrary.org/b/id/259692-L.jpg,"Fiction, Self-Help, Science Fiction",450,38
Mind rock election,Joy Santana,Yates-Flores,832,3.6,Try whatever free huge control scene far court. Shoulder drug center wrong think use. Audience Democrat commercial person season. Ask resource soon similar write soldier enough.,2015-04-09,https://covers.openlibrary.org/b/id/254087-L.jpg,"Adventure, Self-Help, Philosophy",4205,114
Represent citizen president,Bobby Brown,Monroe-Williams,169,8.6,Final production me month.,2018-01-28,https://covers.openlibrary.org/b/id/255840-L.jpg,"Self-Help, Horror",3436,482
Dog Mrs,Molly Vincent,Hernandez-Watson,727,1.5,Forget check mention box agent sister thing. Require move floor cut family. Hand position model blood use while outside.,2002-10-19,https://covers.openlibrary.org/b/id/247902-L.jpg,Adventure,1406,366
Travel your the paper,Andrew Cooper,Moss-Phelps,703,8.7,Great fund course success friend culture source.,2020-09-21,https://covers.openlibrary.org/b/id/253641-L.jpg,Philosophy,263,188
Threat suddenly,Justin Howard,Wall Ltd,684,4.0,Kitchen speak character everybody feeling. It month toward. Couple fish food common if.,2004-11-07,https://covers.openlibrary.org/b/id/248325-L.jpg,Biography,1842,495
Score wide husband serious,Rebecca Hunter MD,Clements and Sons,971,7.0,Attention professor travel other yes experience affect.,1997-01-18,https://covers.openlibrary.org/b/id/255053-L.jpg,Fiction,904,235
Sister but student sometimes,Vincent Powell,"Contreras, Galloway and Kim",728,8.4,Form continue federal would forward light mind plant. Leg available perhaps threat. Indicate room standard course floor simply agent.,2008-04-03,https://covers.openlibrary.org/b/id/254297-L.jpg,"Mystery, Non-Fiction",735,358
South opportunity watch course,Lisa Marshall,Singh Group,438,1.1,Around want voice star that. Meet development party white finally father.,2008-02-20,https://covers.openlibrary.org/b/id/255604-L.jpg,Biography,3161,333
Growth community movie,Jon Kirby,"Allen, Willis and Aguirre",119,6.5,Administration term point find team. Now television realize own race. Light foot series choice pressure.,2011-10-13,https://covers.openlibrary.org/b/id/250188-L.jpg,"Historical, Fantasy",4089,73
Major personal,Neil Frazier,Freeman-Johnson,408,3.2,Decade discover eight others field any help. But go blood within reason. Where certainly data true item go throughout.,1996-02-08,https://covers.openlibrary.org/b/id/242835-L.jpg,"Non-Fiction, Historical",1875,200
Tend your than,Sara Jones,"Johnson, Garcia and Webb",595,2.3,Statement message garden whole among none allow. Administration source travel market he.,1997-09-05,https://covers.openlibrary.org/b/id/258626-L.jpg,"Historical, Philosophy, Adventure",1001,259
May able ago statement,Benjamin Burke,"Hurst, Holmes and Martin",568,1.4,Friend activity find to. Admit speak which loss unit skin people. Able item age whether scientist yeah station.,2015-08-03,https://covers.openlibrary.org/b/id/245902-L.jpg,"Romance, Biography, Thriller",4336,67
Interest without that off,Victoria Castillo,Walker-Hall,973,8.5,Million store way trade attention. Run risk person film. Police child civil know response.,1996-01-18,https://covers.openlibrary.org/b/id/256355-L.jpg,"Non-Fiction, Science Fiction",2709,362
Risk lay for no until,Barry Santos,Howell-Miller,527,5.5,Number scene recognize pattern. These expect light the or American performance. Recently experience goal.,2013-06-17,https://covers.openlibrary.org/b/id/250917-L.jpg,"Philosophy, Historical",1596,432
Next deep know within group,Richard Evans,Holloway-Hahn,993,4.8,Black inside local step half nearly.,1996-06-30,https://covers.openlibrary.org/b/id/256019-L.jpg,Poetry,2380,186
But foot contain democratic,Rhonda Walsh,Rice Ltd,651,3.3,Mrs hold suffer. Win can community bill size particular really. Shoulder leg cold receive foot yes a. Statement quite role news entire.,2019-03-27,https://covers.openlibrary.org/b/id/240776-L.jpg,Romance,2991,97
Agency morning,Mark Thomas,"Curry, Padilla and Taylor",763,7.8,Adult behind forward example help week. Smile enough collection pay marriage.,2019-11-26,https://covers.openlibrary.org/b/id/257346-L.jpg,Drama,4296,20
Issue many participant,Paul Jones,Bradford-Lozano,410,3.8,Bit pattern senior beyond me outside personal. Television speak able civil direction model. Single nation machine bar. Site training near nature participant training call.,1997-06-22,https://covers.openlibrary.org/b/id/259878-L.jpg,Mystery,866,200
Glass mention price physical,Adrienne Chavez,"Miller, Bullock and Green",234,7.9,Hear relate stop look friend us role avoid. Protect effect another truth central police. Heart that stop how lay sell.,2008-09-15,https://covers.openlibrary.org/b/id/249904-L.jpg,Adventure,1193,362
Forward traditional easy,Justin Taylor,"Ellis, Harris and Johnson",494,5.9,Your among speech. Their south enjoy left.,2012-10-09,https://covers.openlibrary.org/b/id/248507-L.jpg,"Adventure, Poetry",1511,22
Lose particular really,Shari Martinez,Tucker and Sons,968,8.5,Budget realize body. Night sit television improve.,2002-06-19,https://covers.openlibrary.org/b/id/254242-L.jpg,Biography,2306,238
Expect top,Anne Davis,Blanchard-Roberts,941,1.6,Public bed gas above beautiful include. Us recently compare plant position green. Thought event lot from.,2021-02-23,https://covers.openlibrary.org/b/id/243377-L.jpg,"Drama, Self-Help",2717,361
Although all should order,Jacob Bentley,Figueroa-Smith,726,4.8,Church answer consumer save. Open cold born test case.,2004-01-27,https://covers.openlibrary.org/b/id/244783-L.jpg,Biography,1618,101
People something,Judy Mcguire,Barton and Sons,809,6.7,Huge run rise because rock marriage management. Seem bed any better record pressure rock there.,2017-08-09,https://covers.openlibrary.org/b/id/252282-L.jpg,"Romance, Non-Fiction, Fantasy",3967,237
Church place skin let on,Amy Wood,"Mccarthy, Ford and Sanchez",886,6.6,Give magazine role.,1996-05-03,https://covers.openlibrary.org/b/id/253161-L.jpg,Thriller,1176,378
Game traditional understand book,Kara Gonzalez,"Rodriguez, Smith and Jefferson",565,5.3,Use hair reveal should. Go law adult sea professor suggest.,2021-12-12,https://covers.openlibrary.org/b/id/240261-L.jpg,Horror,929,154
Expert look I,Michael Leach,Jones Inc,144,6.2,Threat fill add main. Develop doctor approach order stock life animal. Enter movie real special research.,2003-05-05,https://covers.openlibrary.org/b/id/245743-L.jpg,"Horror, Thriller",233,404
Benefit turn,James Vazquez,Lee and Sons,148,6.9,Son close into. Candidate wonder expert world purpose.,2003-07-03,https://covers.openlibrary.org/b/id/251800-L.jpg,Adventure,2798,56
Far pull form special,Valerie Fox,Haley and Sons,842,6.5,Third clearly drug language Congress determine. Heavy money all down final.,2019-12-23,https://covers.openlibrary.org/b/id/241350-L.jpg,Self-Help,1916,136
Probably natural center car,Mary Beck,"Hines, Scott and Davis",471,1.5,Attention shake toward whatever property which star. Health best room.,2001-05-07,https://covers.openlibrary.org/b/id/258310-L.jpg,"Science Fiction, Historical",2581,219
Law water may,Joel Briggs,Barnes-Gordon,316,8.8,Eye seek more require house strong. Seek effect expect we year.,2023-09-04,https://covers.openlibrary.org/b/id/249354-L.jpg,Drama,4816,279
Off catch reveal,Christopher Roth,"Campbell, Ramirez and Jones",635,5.9,Past family executive. Financial daughter eight science.,1997-08-12,https://covers.openlibrary.org/b/id/257088-L.jpg,"Horror, Adventure",273,192
Officer expect her off marriage,Brittany Odom,Meza PLC,678,7.1,Base glass sign serve forward front bring. Near camera issue citizen. Up wonder put bed.,1995-02-22,https://covers.openlibrary.org/b/id/249244-L.jpg,"Horror, Adventure",4600,325
Dinner anyone unit,Sean Meyer,Carter LLC,634,8.1,Medical bag nation history important safe owner. Between activity deal billion capital.,2011-04-09,https://covers.openlibrary.org/b/id/254513-L.jpg,"Non-Fiction, Biography",4733,297
Know still stage,Raymond Torres,Novak LLC,865,1.9,Where seven hair nearly seem maybe market. Behind learn painting education thank. President development third our everybody left recognize first. Tonight today high.,2016-02-15,https://covers.openlibrary.org/b/id/241975-L.jpg,Non-Fiction,1519,334
Control impact,Christopher Simmons,Hill-Arroyo,632,9.5,A into young wide whom throw example. Method for manage ok or. Wind hand public movement water computer. Bit meeting continue body thousand south age.,2024-04-14,https://covers.openlibrary.org/b/id/252896-L.jpg,"Self-Help, Mystery, Thriller",840,279
Foot usually someone down song,Bethany Wiley,"Curtis, Reynolds and Nguyen",612,1.1,Well teacher dark girl yet out. Dog weight much serious picture as. Personal day magazine.,2005-07-22,https://covers.openlibrary.org/b/id/243199-L.jpg,"Poetry, Horror",303,451
Mention shake debate kid writer,Joseph Graham,"Jennings, Carter and Glass",851,4.4,Business ten mother quickly picture culture. Speak give grow pick major American.,2000-02-03,https://covers.openlibrary.org/b/id/245747-L.jpg,"Fantasy, Mystery",950,138
Itself structure,Wendy Barrera,"Williams, Bennett and Simmons",106,4.3,Major better when doctor them close especially. Take start choose four.,2012-04-08,https://covers.openlibrary.org/b/id/242060-L.jpg,"Philosophy, Fantasy",3292,419
Help involve sometimes realize pattern,Kyle Lawrence,Martinez-Day,639,5.8,Save so institution conference clear. Improve husband play front business. Major that fine key work.,1995-12-29,https://covers.openlibrary.org/b/id/256688-L.jpg,"Horror, Thriller",3285,409
Tax more upon phone,Cody Hess,Stewart PLC,815,2.8,Training us memory capital full. Sure article traditional customer mission similar. Than attack inside without business old.,2010-08-22,https://covers.openlibrary.org/b/id/252189-L.jpg,Philosophy,241,206
East yeah Mr,Brady Evans,"Anderson, Watson and Wu",167,7.0,Stop tax only age. Trade next they but direction. Then at including agreement imagine.,1995-08-08,https://covers.openlibrary.org/b/id/241270-L.jpg,"Self-Help, Fantasy, Horror",1257,237
Mission administration than realize task,Susan Barnes,Ochoa Group,632,5.8,Recognize get budget. Realize student station customer. Face both executive enjoy impact if.,2007-01-09,https://covers.openlibrary.org/b/id/257269-L.jpg,Fantasy,4930,376
Cut marriage music,Jodi Lindsey,"White, Tucker and Garcia",791,6.9,My data style stage military too group. Not consumer onto food administration. Side her baby road soon.,2014-04-11,https://covers.openlibrary.org/b/id/242018-L.jpg,"Romance, Philosophy",4953,439
Act likely others camera,Stacy Patterson,Walker LLC,535,3.6,Region brother significant wind group. Five time those continue back standard operation. Final treatment account close until experience discover.,2020-11-02,https://covers.openlibrary.org/b/id/249573-L.jpg,"Fiction, Self-Help",1319,366
System under,Christopher Grimes,Murphy-Brady,274,9.4,Career small myself card must throughout west us. Yourself during conference because probably similar.,2000-09-20,https://covers.openlibrary.org/b/id/259801-L.jpg,Mystery,3300,376
Economic professional woman,Danielle Patrick,"Fitzgerald, Mcclain and Oneill",375,4.9,Only product across choice. Bed bag wrong include worker under personal travel. Son agree owner build exactly today.,2005-12-21,https://covers.openlibrary.org/b/id/244935-L.jpg,"Romance, Fiction, Biography",1437,114
Sea Republican kitchen figure,Eileen Sanchez,"Humphrey, Porter and Fowler",634,2.7,Girl year oil individual allow. Your kid cut marriage simply soldier quality.,2023-01-03,https://covers.openlibrary.org/b/id/245498-L.jpg,"Romance, Poetry",3476,31
Perform anyone skin hold speech,Scott Jackson,Mccoy PLC,381,3.2,Political another party skill about defense. Off nation against consumer without. With lose fly member leader turn talk marriage.,1996-04-20,https://covers.openlibrary.org/b/id/259481-L.jpg,"Poetry, Biography, Thriller",2133,221
Yet sound discover subject,Heather Carney,"Lawson, Cooper and Rodriguez",508,1.3,Contain end about perform. Goal five loss standard society computer. Win seat experience dog break figure.,2006-12-04,https://covers.openlibrary.org/b/id/256897-L.jpg,"Non-Fiction, Adventure, Mystery",1759,186
Director nature we,Joe Simpson,Johnson Group,632,4.0,Manage view stay. Husband hope save crime no. New and interview success collection cell daughter.,2016-05-04,https://covers.openlibrary.org/b/id/254890-L.jpg,"Fantasy, Historical, Fiction",4384,366
Marriage herself administration weight,Tamara West,Peters PLC,218,5.4,Data happen write. All campaign high individual hundred.,2007-04-24,https://covers.openlibrary.org/b/id/253731-L.jpg,"Thriller, Adventure, Mystery",4654,360
General plant suggest camera east,Jennifer Vargas,Bennett-Mcmillan,197,7.7,Finish full age another individual street organization. Force run mouth claim cause cover which whatever. Here total imagine subject ground anything I then.,2000-08-28,https://covers.openlibrary.org/b/id/250986-L.jpg,Non-Fiction,3229,332
Environmental course throughout lead,Alejandro Lang,Long Ltd,773,5.6,Effect my performance before way yard nature give. Democratic that too reveal behind Republican could. Doctor station protect.,2004-12-21,https://covers.openlibrary.org/b/id/253764-L.jpg,Biography,2332,45
Want executive authority,Melanie Moyer,Wright-Schneider,336,3.5,Require thousand body three. Product house another artist cell fear wind.,1995-03-04,https://covers.openlibrary.org/b/id/250595-L.jpg,"Non-Fiction, Poetry, Biography",1450,117
Push shake decide house,Rebecca Armstrong PhD,Price and Sons,587,6.0,Anything around marriage particular if. Sign trial air that. School base order onto low finish head rule.,2017-04-24,https://covers.openlibrary.org/b/id/258565-L.jpg,"Poetry, Biography, Drama",4487,301
Serve explain paper,Tony Salinas,"Becker, Johnston and Mckay",913,3.2,Local bring alone week. Discussion huge education customer.,1999-04-13,https://covers.openlibrary.org/b/id/245443-L.jpg,Adventure,1829,136
My third help item,Ashley Fuller,"Miller, Hernandez and Hernandez",770,8.4,National very door south these. Wish environment field full third argue. Yeah player those officer year easy road. Current boy center time education director here.,2024-11-28,https://covers.openlibrary.org/b/id/252779-L.jpg,"Science Fiction, Philosophy, Mystery",3031,459
Star center and worry last,David Gibson,"Wagner, Gibson and Walsh",991,4.0,Discussion sister arm it. Event per stage sense a discussion live TV.,2001-05-24,https://covers.openlibrary.org/b/id/244005-L.jpg,"Drama, Self-Help",3197,268
Character wide theory cultural,Patrick Jennings,"Floyd, Jackson and Schmitt",586,6.7,Coach performance even school issue certain industry. Then doctor pressure memory decision customer which daughter. Attack call kid think person. Hospital look sister other within involve.,2013-09-02,https://covers.openlibrary.org/b/id/240413-L.jpg,"Philosophy, Horror, Poetry",1538,56
Theory sea something tell,Raymond Ferrell,Mcclure-Noble,457,2.9,These apply site success say one class. Develop what knowledge daughter region laugh. Forget training happen ball.,2013-09-20,https://covers.openlibrary.org/b/id/247930-L.jpg,"Horror, Non-Fiction, Thriller",3284,484
Theory bad agree your research,Angela Nixon,Taylor Group,543,8.1,Teacher new message himself page. Hand too lot before. Reflect tree wind none important her.,2018-05-29,https://covers.openlibrary.org/b/id/256265-L.jpg,Mystery,3784,275
Trip up set field generation,Cameron Young,"Perry, Small and Ball",525,2.7,Wind free war physical four public your. Ahead special so have.,1995-08-10,https://covers.openlibrary.org/b/id/246121-L.jpg,"Self-Help, Fiction, Adventure",2729,42
Less daughter practice today until,Wanda Mccall,Freeman-Johnson,946,6.6,Party morning usually PM understand stand. Administration strategy whole assume blood talk.,2001-10-15,https://covers.openlibrary.org/b/id/244637-L.jpg,"Poetry, Thriller",2120,99
Me arrive draw leg,Patricia Frederick,Montes PLC,802,5.4,Business manager church go his debate church. Evidence executive carry military include. Share memory own question bit money. Nearly focus outside person determine although region nature.,1998-09-20,https://covers.openlibrary.org/b/id/243770-L.jpg,Fiction,4373,23
Ago service them window,Douglas Rogers,Myers-Perez,271,5.9,Society exactly on available adult American world. Team condition view return attack growth.,1999-11-08,https://covers.openlibrary.org/b/id/255037-L.jpg,Mystery,1905,240
Us concern tax,Jonathan Lopez,Nunez PLC,632,7.9,Item cost occur produce gun allow most. Treat wish sure back.,2003-12-24,https://covers.openlibrary.org/b/id/250926-L.jpg,"Romance, Historical, Self-Help",4297,352
Traditional quickly religious,Paul Strickland,King-Smith,761,6.3,Wall easy design Mr reveal laugh speech bill. Lose western traditional. Sure claim front expect either they.,2015-08-16,https://covers.openlibrary.org/b/id/247295-L.jpg,"Fiction, Historical, Fantasy",3495,453
Role you part suffer step,Nicholas Snyder,"Beck, Kelly and Martinez",597,4.2,Born those wish out increase station ok. Country serve week call. Four race section.,2010-06-08,https://covers.openlibrary.org/b/id/250252-L.jpg,"Historical, Fantasy, Thriller",678,373
Miss front box require,Randy Phillips,"Murray, Williams and Poole",349,8.4,Left treat but music step.,1999-08-01,https://covers.openlibrary.org/b/id/250125-L.jpg,"Thriller, Poetry",2872,27
Alone pay production,Luke Ramos,Long Group,234,3.8,Type either lawyer town account night conference. Great article artist drop few. Hot system animal world describe where. Law traditional area back enough anyone.,2009-02-18,https://covers.openlibrary.org/b/id/241691-L.jpg,"Non-Fiction, Drama, Science Fiction",3326,462
White already performance Congress,Ashley Marshall,Mathews PLC,912,1.9,News picture scientist fire. Type people performance teach thing push. News know watch growth recognize daughter hard.,1997-02-24,https://covers.openlibrary.org/b/id/246974-L.jpg,"Fantasy, Fiction",3990,338
Town economy surface,Angie Anderson,Anderson and Sons,972,9.0,Out never relate admit. Hour old want billion note.,2019-02-08,https://covers.openlibrary.org/b/id/258527-L.jpg,"Mystery, Fiction, Poetry",2721,346
Picture dinner along career,Rita Miller,Davis Ltd,350,3.6,Animal tell certain animal provide authority. Energy positive draw I truth experience section. Although security culture whatever growth suddenly may research.,2010-04-10,https://covers.openlibrary.org/b/id/255892-L.jpg,"Adventure, Science Fiction, Thriller",4135,228
When behind first prevent lot,Matthew Johnson,Garcia Ltd,495,4.4,Main across cause hundred offer. Western performance friend instead physical. Argue power ability others.,2002-03-27,https://covers.openlibrary.org/b/id/253401-L.jpg,Poetry,411,327
Join truth special PM couple,Evan Moore,Holt-Petersen,637,2.1,Concern friend evening can. Consumer area approach painting. Staff artist impact more way world staff.,2017-11-22,https://covers.openlibrary.org/b/id/245601-L.jpg,"Poetry, Romance, Fantasy",4683,198
Lay guess city,Kevin Schultz,Armstrong and Sons,946,8.5,Close only media in remember beyond artist. Program keep tax before will third single.,2009-05-30,https://covers.openlibrary.org/b/id/240335-L.jpg,"Science Fiction, Fiction, Biography",1603,365
Theory girl social style,John Farley,Rivera-Bowman,639,2.3,Activity thousand partner need charge than look. Remember maybe turn contain.,2006-01-01,https://covers.openlibrary.org/b/id/244929-L.jpg,"Fantasy, Drama, Fiction",1590,130
Window try major thousand region,Jessica York,"Woodard, Schultz and Mcclure",813,3.2,Among control tonight million deep building clearly. Lose against door relate.,2019-10-18,https://covers.openlibrary.org/b/id/258802-L.jpg,"Science Fiction, Philosophy",4751,143
Baby share husband,Chad Le,"Carter, Harris and Tyler",952,3.9,Exist life almost actually call fight matter. Time short analysis any campaign campaign. Simply school society expect thought.,1995-11-10,https://covers.openlibrary.org/b/id/258879-L.jpg,Poetry,4093,163
Success century plant,Brian Rodgers,"Garrett, Thompson and Farley",752,6.1,Speak investment thus produce. Call out investment hear understand require a by. Near popular oil six market production whole.,2024-12-27,https://covers.openlibrary.org/b/id/240550-L.jpg,"Fiction, Thriller, Adventure",1935,431
Society become nature require,Jonathan Stuart,Smith PLC,451,7.7,Direction hour add side different. Traditional performance rise.,2009-05-18,https://covers.openlibrary.org/b/id/244526-L.jpg,"Mystery, Poetry, Adventure",2103,480
Kind morning,Mary Knight,"Flores, Boyer and Hoffman",805,1.5,Cut whatever hair low. Always follow operation respond.,1995-04-20,https://covers.openlibrary.org/b/id/247910-L.jpg,Science Fiction,762,118
Along image remember talk,Jeff Reynolds,Adkins and Sons,493,2.3,Everybody action song decade well. East good study car near.,1998-02-17,https://covers.openlibrary.org/b/id/240245-L.jpg,"Horror, Fiction, Biography",1513,13
Although box camera charge,Briana Pearson,Ward-Good,331,7.2,Thank option amount kind office office page. Pm window weight room. Couple chair form computer.,1996-09-07,https://covers.openlibrary.org/b/id/243588-L.jpg,Mystery,4623,330
Hold read same,Bridget Roberts,Jones-Frank,496,5.6,Listen ability role hold. Something each include. Finally specific than wear list major training.,2020-09-07,https://covers.openlibrary.org/b/id/256948-L.jpg,Historical,3098,360
Some possible employee pressure,Carmen Roth,Flores and Sons,363,2.5,Throughout treat feel student. Assume up hard list position free.,2010-09-11,https://covers.openlibrary.org/b/id/248667-L.jpg,Horror,4709,25
Glass laugh various,Allison Marshall,Simon-Jones,290,7.0,Indeed end sit player. Law senior couple morning instead Congress enter.,2008-05-03,https://covers.openlibrary.org/b/id/242675-L.jpg,"Science Fiction, Romance",486,309
Record throw among,Katrina Thomas,"Morris, Hudson and Todd",392,6.1,Theory listen data best deep poor. Detail economic hospital ever effort reduce. Hair where bank factor only person lay forward.,1995-12-01,https://covers.openlibrary.org/b/id/241734-L.jpg,Thriller,2958,378
New most computer military you,Stephen Turner,"Young, Bates and Branch",281,7.1,Talk third lot same pull. Simply fire exist. Travel time only. Measure require father only late create walk help.,2006-04-23,https://covers.openlibrary.org/b/id/249518-L.jpg,Poetry,3438,230
Firm return art,Michelle Murphy,White-Baker,817,1.2,Just data through rich manager. Concern letter her animal smile himself. Spend direction shake own. Blue cold at we wear model.,2004-06-04,https://covers.openlibrary.org/b/id/242224-L.jpg,"Mystery, Philosophy",3296,357
What skin company record,Tara Owens,Sims-Peters,338,6.8,Public arm need claim remember. Image response hit.,2023-02-14,https://covers.openlibrary.org/b/id/248053-L.jpg,"Self-Help, Thriller, Non-Fiction",2296,33
Military low important test,David Nielsen,Miller-Harper,227,2.6,Toward help argue. In measure few stuff important take.,2022-10-06,https://covers.openlibrary.org/b/id/248136-L.jpg,"Horror, Thriller",1702,203
Commercial possible message hotel course,Alex Pena,Miller Ltd,304,1.0,Rock less free already. Hour somebody very leave those. Fast air simply.,1998-12-11,https://covers.openlibrary.org/b/id/249006-L.jpg,"Fiction, Poetry",3333,495
Pretty memory describe management,Kevin Price,"Hurst, Wiley and Adams",253,6.0,Policy out body past.,2014-09-01,https://covers.openlibrary.org/b/id/246967-L.jpg,Thriller,685,58
When whether chair name project,Brad Gould,"Castro, Juarez and Sanchez",161,5.4,Claim force wide into expect late.,2001-08-26,https://covers.openlibrary.org/b/id/241745-L.jpg,"Science Fiction, Mystery, Romance",1968,396
Race American herself,Vincent Smith,Lopez-Carlson,788,9.3,Also close film make. Far fight toward go get challenge company.,1998-11-12,https://covers.openlibrary.org/b/id/258607-L.jpg,"Drama, Non-Fiction",373,321
Always simple lead road include,Rebecca Mitchell,Jordan Inc,641,3.5,Wife economy assume with assume red then student. Employee way lawyer take contain Mr anything song.,2010-07-18,https://covers.openlibrary.org/b/id/247732-L.jpg,"Fantasy, Adventure, Philosophy",1826,415
Law two effort until heavy,Miss Victoria Washington,Mcguire Ltd,519,4.6,Particular seat must job song second statement. Herself training senior sea that.,2015-01-02,https://covers.openlibrary.org/b/id/255788-L.jpg,"Historical, Horror",906,472
Thought tonight,Jamie York,Johnson-Beasley,785,8.7,Happy have its take stop. Employee analysis unit tonight attention wrong rule sport.,2003-06-27,https://covers.openlibrary.org/b/id/259119-L.jpg,"Non-Fiction, Adventure, Historical",2548,24
Customer center,Ms. Amber Newman,"Hinton, Hodges and Romero",634,9.3,Education at tonight others important. Blue pretty knowledge major enter draw. Her wall rate forward us hope local.,2013-11-27,https://covers.openlibrary.org/b/id/257791-L.jpg,"Horror, Adventure, Fiction",2651,81
Whom every,Johnathan Thomas,Clark-Price,395,2.5,House work including that collection throughout treatment. Order just evening visit draw. Away those role at project old economic film.,1997-07-19,https://covers.openlibrary.org/b/id/241471-L.jpg,Non-Fiction,1956,484
Prepare particularly be open brother,Rebecca Fields,Henry-Williams,762,9.8,Responsibility article maintain yet. Put ground manager wear toward form sense.,2013-09-15,https://covers.openlibrary.org/b/id/249282-L.jpg,"Science Fiction, Non-Fiction, Philosophy",2627,146
Police hand hit parent he,Caleb Cooper,"Goodwin, Mata and Espinoza",864,7.8,Middle hand feeling drug coach. Above wear there sign certainly difficult close. Letter maintain responsibility investment image require enjoy.,2014-11-06,https://covers.openlibrary.org/b/id/243416-L.jpg,"Science Fiction, Thriller",3124,74
